ID,atom_index,residue_index,atom_type,residue_type,SASA,residue_surface_class,residue_binding_class
c<A>r<3>R<ALA>A<N>,0,0,3,0,33.1038,1,1
c<A>r<3>R<ALA>A<CA>,1,0,1,0,14.9011,1,1
c<A>r<3>R<ALA>A<C>,2,0,0,0,1.91645,1,1
c<A>r<3>R<ALA>A<O>,3,0,4,0,24.9511,1,1
c<A>r<3>R<ALA>A<CB>,4,0,2,0,69.8787,1,1
c<A>r<4>R<GLY>A<N>,5,1,55,7,13.8092,1,1
c<A>r<4>R<GLY>A<CA>,6,1,54,7,41.1219,1,1
c<A>r<4>R<GLY>A<C>,7,1,53,7,2.8227,1,1
c<A>r<4>R<GLY>A<O>,8,1,56,7,30.77,1,1
c<A>r<5>R<GLU>A<N>,9,2,50,6,0,1,0
c<A>r<5>R<GLU>A<CA>,10,2,46,6,2.15033,1,1
c<A>r<5>R<GLU>A<C>,11,2,45,6,0.0517749,1,1
c<A>r<5>R<GLU>A<O>,12,2,51,6,27.9233,1,1
c<A>r<5>R<GLU>A<CB>,13,2,47,6,1.34532,1,1
c<A>r<5>R<GLU>A<CG>,14,2,49,6,2.62086,1,1
c<A>r<5>R<GLU>A<CD>,15,2,48,6,1.47958,1,1
c<A>r<5>R<GLU>A<OE1>,16,2,52,6,7.09196,1,1
c<A>r<5>R<GLU>A<OE2>,17,2,52,6,31.7655,1,1
c<A>r<6>R<ASP>A<N>,18,3,27,3,3.88416,1,1
c<A>r<6>R<ASP>A<CA>,19,3,24,3,6.8422,1,1
c<A>r<6>R<ASP>A<C>,20,3,23,3,2.60487,1,1
c<A>r<6>R<ASP>A<O>,21,3,28,3,27.7489,1,1
c<A>r<6>R<ASP>A<CB>,22,3,25,3,28.545,1,1
c<A>r<6>R<ASP>A<CG>,23,3,26,3,5.92132,1,1
c<A>r<6>R<ASP>A<OD1>,24,3,29,3,42.8669,1,1
c<A>r<6>R<ASP>A<OD2>,25,3,29,3,38.814,1,1
c<A>r<7>R<VAL>A<N>,26,4,158,19,0.429627,1,0
c<A>r<7>R<VAL>A<CA>,27,4,154,19,0.985973,1,0
c<A>r<7>R<VAL>A<C>,28,4,153,19,0.694749,1,0
c<A>r<7>R<VAL>A<O>,29,4,159,19,16.7869,1,0
c<A>r<7>R<VAL>A<CB>,30,4,155,19,0.0345483,1,0
c<A>r<7>R<VAL>A<CG1>,31,4,156,19,7.71739,1,0
c<A>r<7>R<VAL>A<CG2>,32,4,157,19,0,1,0
c<A>r<8>R<GLY>A<N>,33,5,55,7,4.71654,1,0
c<A>r<8>R<GLY>A<CA>,34,5,54,7,37.1735,1,0
c<A>r<8>R<GLY>A<C>,35,5,53,7,3.55179,1,0
c<A>r<8>R<GLY>A<O>,36,5,56,7,9.38543,1,0
c<A>r<9>R<ALA>A<N>,37,6,3,0,10.3558,1,0
c<A>r<9>R<ALA>A<CA>,38,6,1,0,3.3368,1,0
c<A>r<9>R<ALA>A<C>,39,6,0,0,0,1,0
c<A>r<9>R<ALA>A<O>,40,6,4,0,16.4073,1,0
c<A>r<9>R<ALA>A<CB>,41,6,2,0,59.7992,1,0
c<A>r<10>R<PRO>A<N>,42,7,114,14,0,1,0
c<A>r<10>R<PRO>A<CA>,43,7,110,14,0,1,0
c<A>r<10>R<PRO>A<C>,44,7,109,14,0.064555,1,0
c<A>r<10>R<PRO>A<O>,45,7,115,14,6.63756,1,0
c<A>r<10>R<PRO>A<CB>,46,7,111,14,0,1,0
c<A>r<10>R<PRO>A<CG>,47,7,113,14,0.227172,1,0
c<A>r<10>R<PRO>A<CD>,48,7,112,14,11.2488,1,0
c<A>r<11>R<PRO>A<N>,49,8,114,14,0.265531,1,0
c<A>r<11>R<PRO>A<CA>,50,8,110,14,2.55938,1,0
c<A>r<11>R<PRO>A<C>,51,8,109,14,0,1,0
c<A>r<11>R<PRO>A<O>,52,8,115,14,0,1,0
c<A>r<11>R<PRO>A<CB>,53,8,111,14,0,1,0
c<A>r<11>R<PRO>A<CG>,54,8,113,14,0,1,0
c<A>r<11>R<PRO>A<CD>,55,8,112,14,0.411474,1,0
c<A>r<12>R<ASP>A<N>,56,9,27,3,0.371087,1,0
c<A>r<12>R<ASP>A<CA>,57,9,24,3,0.0903526,1,0
c<A>r<12>R<ASP>A<C>,58,9,23,3,0,1,0
c<A>r<12>R<ASP>A<O>,59,9,28,3,0,1,0
c<A>r<12>R<ASP>A<CB>,60,9,25,3,17.2228,1,0
c<A>r<12>R<ASP>A<CG>,61,9,26,3,5.8971,1,0
c<A>r<12>R<ASP>A<OD1>,62,9,29,3,27.5536,1,0
c<A>r<12>R<ASP>A<OD2>,63,9,29,3,19.8852,1,0
c<A>r<13>R<HIS>A<N>,64,10,63,8,0,1,0
c<A>r<13>R<HIS>A<CA>,65,10,58,8,0,1,0
c<A>r<13>R<HIS>A<C>,66,10,57,8,0,1,0
c<A>r<13>R<HIS>A<O>,67,10,66,8,0,1,0
c<A>r<13>R<HIS>A<CB>,68,10,59,8,3.78334,1,0
c<A>r<13>R<HIS>A<CG>,69,10,62,8,0.438491,1,0
c<A>r<13>R<HIS>A<ND1>,70,10,64,8,6.56335,1,0
c<A>r<13>R<HIS>A<CD2>,71,10,60,8,0,1,0
c<A>r<13>R<HIS>A<CE1>,72,10,61,8,26.3593,1,0
c<A>r<13>R<HIS>A<NE2>,73,10,65,8,8.21692,1,0
c<A>r<14>R<LEU>A<N>,74,11,81,10,0,0,0
c<A>r<14>R<LEU>A<CA>,75,11,76,10,0,0,0
c<A>r<14>R<LEU>A<C>,76,11,75,10,0,0,0
c<A>r<14>R<LEU>A<O>,77,11,82,10,0,0,0
c<A>r<14>R<LEU>A<CB>,78,11,77,10,0,0,0
c<A>r<14>R<LEU>A<CG>,79,11,80,10,0,0,0
c<A>r<14>R<LEU>A<CD1>,80,11,78,10,0,0,0
c<A>r<14>R<LEU>A<CD2>,81,11,79,10,0,0,0
c<A>r<15>R<TRP>A<N>,82,12,140,17,0,1,0
c<A>r<15>R<TRP>A<CA>,83,12,130,17,0,1,0
c<A>r<15>R<TRP>A<C>,84,12,129,17,0,1,0
c<A>r<15>R<TRP>A<O>,85,12,142,17,0.650853,1,0
c<A>r<15>R<TRP>A<CB>,86,12,131,17,15.3431,1,0
c<A>r<15>R<TRP>A<CG>,87,12,136,17,0.828516,1,0
c<A>r<15>R<TRP>A<CD1>,88,12,132,17,14.7285,1,0
c<A>r<15>R<TRP>A<CD2>,89,12,133,17,3.33403,1,0
c<A>r<15>R<TRP>A<NE1>,90,12,141,17,11.0068,1,0
c<A>r<15>R<TRP>A<CE2>,91,12,134,17,2.23652,1,0
c<A>r<15>R<TRP>A<CE3>,92,12,135,17,11.8886,1,0
c<A>r<15>R<TRP>A<CZ2>,93,12,138,17,32.0121,1,0
c<A>r<15>R<TRP>A<CZ3>,94,12,139,17,20.331,1,0
c<A>r<15>R<TRP>A<CH2>,95,12,137,17,25.2843,1,0
c<A>r<16>R<VAL>A<N>,96,13,158,19,0.0484289,1,0
c<A>r<16>R<VAL>A<CA>,97,13,154,19,0,1,0
c<A>r<16>R<VAL>A<C>,98,13,153,19,0,1,0
c<A>r<16>R<VAL>A<O>,99,13,159,19,19.4528,1,0
c<A>r<16>R<VAL>A<CB>,100,13,155,19,0,1,0
c<A>r<16>R<VAL>A<CG1>,101,13,156,19,10.0412,1,0
c<A>r<16>R<VAL>A<CG2>,102,13,157,19,3.58212,1,0
c<A>r<17>R<HIS>A<N>,103,14,63,8,0,1,0
c<A>r<17>R<HIS>A<CA>,104,14,58,8,0.472196,1,0
c<A>r<17>R<HIS>A<C>,105,14,57,8,0,1,0
c<A>r<17>R<HIS>A<O>,106,14,66,8,1.397,1,0
c<A>r<17>R<HIS>A<CB>,107,14,59,8,0.331321,1,0
c<A>r<17>R<HIS>A<CG>,108,14,62,8,0,1,0
c<A>r<17>R<HIS>A<ND1>,109,14,64,8,2.04045,1,0
c<A>r<17>R<HIS>A<CD2>,110,14,60,8,0.389291,1,0
c<A>r<17>R<HIS>A<CE1>,111,14,61,8,12.6108,1,0
c<A>r<17>R<HIS>A<NE2>,112,14,65,8,0,1,0
c<A>r<18>R<GLN>A<N>,113,15,41,5,0,1,0
c<A>r<18>R<GLN>A<CA>,114,15,37,5,0,1,0
c<A>r<18>R<GLN>A<C>,115,15,36,5,0,1,0
c<A>r<18>R<GLN>A<O>,116,15,43,5,0,1,0
c<A>r<18>R<GLN>A<CB>,117,15,38,5,0.867929,1,0
c<A>r<18>R<GLN>A<CG>,118,15,40,5,9.4912,1,0
c<A>r<18>R<GLN>A<CD>,119,15,39,5,8.40857,1,0
c<A>r<18>R<GLN>A<OE1>,120,15,44,5,23.7206,1,0
c<A>r<18>R<GLN>A<NE2>,121,15,42,5,38.2913,1,0
c<A>r<19>R<GLU>A<N>,122,16,50,6,0.176357,1,0
c<A>r<19>R<GLU>A<CA>,123,16,46,6,0.145261,1,0
c<A>r<19>R<GLU>A<C>,124,16,45,6,0.366986,1,0
c<A>r<19>R<GLU>A<O>,125,16,51,6,15.5023,1,0
c<A>r<19>R<GLU>A<CB>,126,16,47,6,23.183,1,0
c<A>r<19>R<GLU>A<CG>,127,16,49,6,12.2562,1,0
c<A>r<19>R<GLU>A<CD>,128,16,48,6,1.35399,1,0
c<A>r<19>R<GLU>A<OE1>,129,16,52,6,3.28451,1,0
c<A>r<19>R<GLU>A<OE2>,130,16,52,6,41.153,1,0
c<A>r<20>R<GLY>A<N>,131,17,55,7,0.226498,1,0
c<A>r<20>R<GLY>A<CA>,132,17,54,7,8.80352,1,0
c<A>r<20>R<GLY>A<C>,133,17,53,7,0.221581,1,0
c<A>r<20>R<GLY>A<O>,134,17,56,7,0,1,0
c<A>r<21>R<ILE>A<N>,135,18,73,9,0,1,0
c<A>r<21>R<ILE>A<CA>,136,18,68,9,0,1,0
c<A>r<21>R<ILE>A<C>,137,18,67,9,0,1,0
c<A>r<21>R<ILE>A<O>,138,18,74,9,0,1,0
c<A>r<21>R<ILE>A<CB>,139,18,69,9,0,1,0
c<A>r<21>R<ILE>A<CG1>,140,18,71,9,4.1517,1,0
c<A>r<21>R<ILE>A<CG2>,141,18,72,9,0,1,0
c<A>r<21>R<ILE>A<CD1>,142,18,70,9,21.2027,1,0
c<A>r<22>R<TYR>A<N>,143,19,150,18,0,1,0
c<A>r<22>R<TYR>A<CA>,144,19,144,18,0,1,0
c<A>r<22>R<TYR>A<C>,145,19,143,18,0,1,0
c<A>r<22>R<TYR>A<O>,146,19,151,18,0,1,0
c<A>r<22>R<TYR>A<CB>,147,19,145,18,0,1,0
c<A>r<22>R<TYR>A<CG>,148,19,148,18,0,1,0
c<A>r<22>R<TYR>A<CD1>,149,19,146,18,0,1,0
c<A>r<22>R<TYR>A<CD2>,150,19,146,18,0,1,0
c<A>r<22>R<TYR>A<CE1>,151,19,147,18,0,1,0
c<A>r<22>R<TYR>A<CE2>,152,19,147,18,0,1,0
c<A>r<22>R<TYR>A<CZ>,153,19,149,18,0,1,0
c<A>r<22>R<TYR>A<OH>,154,19,152,18,0.988759,1,0
c<A>r<23>R<ARG>A<N>,155,20,11,1,0,1,0
c<A>r<23>R<ARG>A<CA>,156,20,6,1,0,1,0
c<A>r<23>R<ARG>A<C>,157,20,5,1,0,1,0
c<A>r<23>R<ARG>A<O>,158,20,14,1,0.352072,1,0
c<A>r<23>R<ARG>A<CB>,159,20,7,1,5.01144,1,0
c<A>r<23>R<ARG>A<CG>,160,20,9,1,0,1,0
c<A>r<23>R<ARG>A<CD>,161,20,8,1,0.513655,1,0
c<A>r<23>R<ARG>A<NE>,162,20,12,1,5.69388,1,0
c<A>r<23>R<ARG>A<CZ>,163,20,10,1,4.38341,1,0
c<A>r<23>R<ARG>A<NH1>,164,20,13,1,23.9548,1,0
c<A>r<23>R<ARG>A<NH2>,165,20,13,1,45.1741,1,0
c<A>r<24>R<ASP>A<N>,166,21,27,3,0,1,0
c<A>r<24>R<ASP>A<CA>,167,21,24,3,0,1,0
c<A>r<24>R<ASP>A<C>,168,21,23,3,0,1,0
c<A>r<24>R<ASP>A<O>,169,21,28,3,8.24518,1,0
c<A>r<24>R<ASP>A<CB>,170,21,25,3,0,1,0
c<A>r<24>R<ASP>A<CG>,171,21,26,3,0,1,0
c<A>r<24>R<ASP>A<OD1>,172,21,29,3,0,1,0
c<A>r<24>R<ASP>A<OD2>,173,21,29,3,0,1,0
c<A>r<25>R<GLU>A<N>,174,22,50,6,0,1,0
c<A>r<25>R<GLU>A<CA>,175,22,46,6,4.47438,1,0
c<A>r<25>R<GLU>A<C>,176,22,45,6,0.249563,1,0
c<A>r<25>R<GLU>A<O>,177,22,51,6,28.1104,1,0
c<A>r<25>R<GLU>A<CB>,178,22,47,6,14.7312,1,0
c<A>r<25>R<GLU>A<CG>,179,22,49,6,7.58589,1,0
c<A>r<25>R<GLU>A<CD>,180,22,48,6,0.0199992,1,0
c<A>r<25>R<GLU>A<OE1>,181,22,52,6,0,1,0
c<A>r<25>R<GLU>A<OE2>,182,22,52,6,10.1175,1,0
c<A>r<26>R<TYR>A<N>,183,23,150,18,0,1,0
c<A>r<26>R<TYR>A<CA>,184,23,144,18,5.04293,1,0
c<A>r<26>R<TYR>A<C>,185,23,143,18,0.0780327,1,0
c<A>r<26>R<TYR>A<O>,186,23,151,18,17.2474,1,0
c<A>r<26>R<TYR>A<CB>,187,23,145,18,9.02097,1,0
c<A>r<26>R<TYR>A<CG>,188,23,148,18,1.13535,1,0
c<A>r<26>R<TYR>A<CD1>,189,23,146,18,17.6308,1,0
c<A>r<26>R<TYR>A<CD2>,190,23,146,18,4.15026,1,0
c<A>r<26>R<TYR>A<CE1>,191,23,147,18,28.3429,1,0
c<A>r<26>R<TYR>A<CE2>,192,23,147,18,19.2997,1,0
c<A>r<26>R<TYR>A<CZ>,193,23,149,18,3.98781,1,0
c<A>r<26>R<TYR>A<OH>,194,23,152,18,45.6081,1,0
c<A>r<27>R<GLN>A<N>,195,24,41,5,0,1,0
c<A>r<27>R<GLN>A<CA>,196,24,37,5,0.740896,1,0
c<A>r<27>R<GLN>A<C>,197,24,36,5,0.629838,1,0
c<A>r<27>R<GLN>A<O>,198,24,43,5,14.9097,1,0
c<A>r<27>R<GLN>A<CB>,199,24,38,5,10.5668,1,0
c<A>r<27>R<GLN>A<CG>,200,24,40,5,19.1095,1,0
c<A>r<27>R<GLN>A<CD>,201,24,39,5,8.93212,1,0
c<A>r<27>R<GLN>A<OE1>,202,24,44,5,44.7064,1,0
c<A>r<27>R<GLN>A<NE2>,203,24,42,5,50.8902,1,0
c<A>r<28>R<ARG>A<N>,204,25,11,1,0,1,0
c<A>r<28>R<ARG>A<CA>,205,25,6,1,5.64357,1,0
c<A>r<28>R<ARG>A<C>,206,25,5,1,0,1,0
c<A>r<28>R<ARG>A<O>,207,25,14,1,0,1,0
c<A>r<28>R<ARG>A<CB>,208,25,7,1,0.276076,1,0
c<A>r<28>R<ARG>A<CG>,209,25,9,1,19.7968,1,0
c<A>r<28>R<ARG>A<CD>,210,25,8,1,18.7131,1,0
c<A>r<28>R<ARG>A<NE>,211,25,12,1,0,1,0
c<A>r<28>R<ARG>A<CZ>,212,25,10,1,0.03096,1,0
c<A>r<28>R<ARG>A<NH1>,213,25,13,1,29.9196,1,0
c<A>r<28>R<ARG>A<NH2>,214,25,13,1,9.77288,1,0
c<A>r<29>R<THR>A<N>,215,26,126,16,2.40329,1,0
c<A>r<29>R<THR>A<CA>,216,26,123,16,0,1,0
c<A>r<29>R<THR>A<C>,217,26,122,16,0,1,0
c<A>r<29>R<THR>A<O>,218,26,127,16,0,1,0
c<A>r<29>R<THR>A<CB>,219,26,124,16,0,1,0
c<A>r<29>R<THR>A<OG1>,220,26,128,16,1.88874,1,0
c<A>r<29>R<THR>A<CG2>,221,26,125,16,5.3109,1,0
c<A>r<30>R<TRP>A<N>,222,27,140,17,0,0,0
c<A>r<30>R<TRP>A<CA>,223,27,130,17,0,0,0
c<A>r<30>R<TRP>A<C>,224,27,129,17,0,0,0
c<A>r<30>R<TRP>A<O>,225,27,142,17,0,0,0
c<A>r<30>R<TRP>A<CB>,226,27,131,17,0,0,0
c<A>r<30>R<TRP>A<CG>,227,27,136,17,0,0,0
c<A>r<30>R<TRP>A<CD1>,228,27,132,17,0,0,0
c<A>r<30>R<TRP>A<CD2>,229,27,133,17,0,0,0
c<A>r<30>R<TRP>A<NE1>,230,27,141,17,0,0,0
c<A>r<30>R<TRP>A<CE2>,231,27,134,17,0,0,0
c<A>r<30>R<TRP>A<CE3>,232,27,135,17,0,0,0
c<A>r<30>R<TRP>A<CZ2>,233,27,138,17,0,0,0
c<A>r<30>R<TRP>A<CZ3>,234,27,139,17,0,0,0
c<A>r<30>R<TRP>A<CH2>,235,27,137,17,0,0,0
c<A>r<31>R<VAL>A<N>,236,28,158,19,0,1,0
c<A>r<31>R<VAL>A<CA>,237,28,154,19,0,1,0
c<A>r<31>R<VAL>A<C>,238,28,153,19,0,1,0
c<A>r<31>R<VAL>A<O>,239,28,159,19,1.76387,1,0
c<A>r<31>R<VAL>A<CB>,240,28,155,19,1.28913,1,0
c<A>r<31>R<VAL>A<CG1>,241,28,156,19,32.3136,1,0
c<A>r<31>R<VAL>A<CG2>,242,28,157,19,5.49905,1,0
c<A>r<32>R<ALA>A<N>,243,29,3,0,0,1,0
c<A>r<32>R<ALA>A<CA>,244,29,1,0,0,1,0
c<A>r<32>R<ALA>A<C>,245,29,0,0,0,1,0
c<A>r<32>R<ALA>A<O>,246,29,4,0,8.1399,1,0
c<A>r<32>R<ALA>A<CB>,247,29,2,0,0,1,0
c<A>r<33>R<VAL>A<N>,248,30,158,19,0,1,0
c<A>r<33>R<VAL>A<CA>,249,30,154,19,3.22085,1,0
c<A>r<33>R<VAL>A<C>,250,30,153,19,0,1,0
c<A>r<33>R<VAL>A<O>,251,30,159,19,0,1,0
c<A>r<33>R<VAL>A<CB>,252,30,155,19,11.0332,1,0
c<A>r<33>R<VAL>A<CG1>,253,30,156,19,43.0983,1,0
c<A>r<33>R<VAL>A<CG2>,254,30,157,19,6.35331,1,0
c<A>r<34>R<VAL>A<N>,255,31,158,19,4.77512,1,1
c<A>r<34>R<VAL>A<CA>,256,31,154,19,0,1,0
c<A>r<34>R<VAL>A<C>,257,31,153,19,0,1,0
c<A>r<34>R<VAL>A<O>,258,31,159,19,23.2308,1,1
c<A>r<34>R<VAL>A<CB>,259,31,155,19,10.9128,1,1
c<A>r<34>R<VAL>A<CG1>,260,31,156,19,3.70087,1,1
c<A>r<34>R<VAL>A<CG2>,261,31,157,19,10.5787,1,1
c<A>r<35>R<GLU>A<N>,262,32,50,6,0,1,0
c<A>r<35>R<GLU>A<CA>,263,32,46,6,6.92455,1,1
c<A>r<35>R<GLU>A<C>,264,32,45,6,0.527403,1,1
c<A>r<35>R<GLU>A<O>,265,32,51,6,0,1,0
c<A>r<35>R<GLU>A<CB>,266,32,47,6,10.1391,1,1
c<A>r<35>R<GLU>A<CG>,267,32,49,6,6.46282,1,1
c<A>r<35>R<GLU>A<CD>,268,32,48,6,4.57841,1,1
c<A>r<35>R<GLU>A<OE1>,269,32,52,6,15.1904,1,1
c<A>r<35>R<GLU>A<OE2>,270,32,52,6,17.3613,1,1
c<A>r<36>R<GLU>A<N>,271,33,50,6,5.79252,1,1
c<A>r<36>R<GLU>A<CA>,272,33,46,6,0,1,0
c<A>r<36>R<GLU>A<C>,273,33,45,6,0,1,0
c<A>r<36>R<GLU>A<O>,274,33,51,6,28.7718,1,1
c<A>r<36>R<GLU>A<CB>,275,33,47,6,11.4912,1,1
c<A>r<36>R<GLU>A<CG>,276,33,49,6,3.4891,1,1
c<A>r<36>R<GLU>A<CD>,277,33,48,6,6.76321,1,1
c<A>r<36>R<GLU>A<OE1>,278,33,52,6,17.315,1,1
c<A>r<36>R<GLU>A<OE2>,279,33,52,6,43.6581,1,1
c<A>r<37>R<GLU>A<N>,280,34,50,6,0,1,0
c<A>r<37>R<GLU>A<CA>,281,34,46,6,2.94002,1,1
c<A>r<37>R<GLU>A<C>,282,34,45,6,2.12367,1,1
c<A>r<37>R<GLU>A<O>,283,34,51,6,4.81311,1,1
c<A>r<37>R<GLU>A<CB>,284,34,47,6,3.65047,1,1
c<A>r<37>R<GLU>A<CG>,285,34,49,6,0.0375402,1,1
c<A>r<37>R<GLU>A<CD>,286,34,48,6,2.07447,1,1
c<A>r<37>R<GLU>A<OE1>,287,34,52,6,38.6028,1,1
c<A>r<37>R<GLU>A<OE2>,288,34,52,6,20.0186,1,1
c<A>r<38>R<THR>A<N>,289,35,126,16,4.45393,1,0
c<A>r<38>R<THR>A<CA>,290,35,123,16,7.57666,1,0
c<A>r<38>R<THR>A<C>,291,35,122,16,0,1,0
c<A>r<38>R<THR>A<O>,292,35,127,16,28.04,1,0
c<A>r<38>R<THR>A<CB>,293,35,124,16,14.1886,1,0
c<A>r<38>R<THR>A<OG1>,294,35,128,16,39.4982,1,0
c<A>r<38>R<THR>A<CG2>,295,35,125,16,55.6304,1,0
c<A>r<39>R<SER>A<N>,296,36,119,15,0.7494,1,0
c<A>r<39>R<SER>A<CA>,297,36,117,15,7.19702,1,0
c<A>r<39>R<SER>A<C>,298,36,116,15,2.16659,1,0
c<A>r<39>R<SER>A<O>,299,36,120,15,30.0382,1,0
c<A>r<39>R<SER>A<CB>,300,36,118,15,29.9381,1,0
c<A>r<39>R<SER>A<OG>,301,36,121,15,32.477,1,0
c<A>r<40>R<PHE>A<N>,302,37,107,13,0.623523,1,1
c<A>r<40>R<PHE>A<CA>,303,37,101,13,10.037,1,1
c<A>r<40>R<PHE>A<C>,304,37,100,13,1.82791,1,1
c<A>r<40>R<PHE>A<O>,305,37,108,13,0.0365686,1,1
c<A>r<40>R<PHE>A<CB>,306,37,102,13,10.3804,1,1
c<A>r<40>R<PHE>A<CG>,307,37,105,13,0,1,0
c<A>r<40>R<PHE>A<CD1>,308,37,103,13,7.3799,1,1
c<A>r<40>R<PHE>A<CD2>,309,37,103,13,0,1,0
c<A>r<40>R<PHE>A<CE1>,310,37,104,13,22.1325,1,1
c<A>r<40>R<PHE>A<CE2>,311,37,104,13,0,1,0
c<A>r<40>R<PHE>A<CZ>,312,37,106,13,8.76603,1,1
c<A>r<41>R<LEU>A<N>,313,38,81,10,1.86091,1,0
c<A>r<41>R<LEU>A<CA>,314,38,76,10,0,1,0
c<A>r<41>R<LEU>A<C>,315,38,75,10,0,1,0
c<A>r<41>R<LEU>A<O>,316,38,82,10,0,1,0
c<A>r<41>R<LEU>A<CB>,317,38,77,10,7.66825,1,0
c<A>r<41>R<LEU>A<CG>,318,38,80,10,0,1,0
c<A>r<41>R<LEU>A<CD1>,319,38,78,10,11.313,1,0
c<A>r<41>R<LEU>A<CD2>,320,38,79,10,0.163666,1,0
c<A>r<42>R<ARG>A<N>,321,39,11,1,0,1,0
c<A>r<42>R<ARG>A<CA>,322,39,6,1,0,1,0
c<A>r<42>R<ARG>A<C>,323,39,5,1,0,1,0
c<A>r<42>R<ARG>A<O>,324,39,14,1,0,1,0
c<A>r<42>R<ARG>A<CB>,325,39,7,1,0,1,0
c<A>r<42>R<ARG>A<CG>,326,39,9,1,0,1,0
c<A>r<42>R<ARG>A<CD>,327,39,8,1,1.38544,1,1
c<A>r<42>R<ARG>A<NE>,328,39,12,1,0,1,0
c<A>r<42>R<ARG>A<CZ>,329,39,10,1,3.38071,1,1
c<A>r<42>R<ARG>A<NH1>,330,39,13,1,19.1422,1,1
c<A>r<42>R<ARG>A<NH2>,331,39,13,1,31.8779,1,1
c<A>r<43>R<ALA>A<N>,332,40,3,0,0,0,0
c<A>r<43>R<ALA>A<CA>,333,40,1,0,0,0,0
c<A>r<43>R<ALA>A<C>,334,40,0,0,0,0,0
c<A>r<43>R<ALA>A<O>,335,40,4,0,0,0,0
c<A>r<43>R<ALA>A<CB>,336,40,2,0,0,0,0
c<A>r<44>R<ARG>A<N>,337,41,11,1,0,1,0
c<A>r<44>R<ARG>A<CA>,338,41,6,1,0,1,0
c<A>r<44>R<ARG>A<C>,339,41,5,1,0,1,0
c<A>r<44>R<ARG>A<O>,340,41,14,1,0.938959,1,0
c<A>r<44>R<ARG>A<CB>,341,41,7,1,0,1,0
c<A>r<44>R<ARG>A<CG>,342,41,9,1,0.301969,1,0
c<A>r<44>R<ARG>A<CD>,343,41,8,1,11.129,1,0
c<A>r<44>R<ARG>A<NE>,344,41,12,1,1.91066,1,0
c<A>r<44>R<ARG>A<CZ>,345,41,10,1,5.4366,1,0
c<A>r<44>R<ARG>A<NH1>,346,41,13,1,18.912,1,0
c<A>r<44>R<ARG>A<NH2>,347,41,13,1,38.4624,1,0
c<A>r<45>R<VAL>A<N>,348,42,158,19,0,0,0
c<A>r<45>R<VAL>A<CA>,349,42,154,19,0,0,0
c<A>r<45>R<VAL>A<C>,350,42,153,19,0,0,0
c<A>r<45>R<VAL>A<O>,351,42,159,19,0,0,0
c<A>r<45>R<VAL>A<CB>,352,42,155,19,0,0,0
c<A>r<45>R<VAL>A<CG1>,353,42,156,19,0,0,0
c<A>r<45>R<VAL>A<CG2>,354,42,157,19,0,0,0
c<A>r<46>R<GLN>A<N>,355,43,41,5,0,1,0
c<A>r<46>R<GLN>A<CA>,356,43,37,5,0,1,0
c<A>r<46>R<GLN>A<C>,357,43,36,5,0,1,0
c<A>r<46>R<GLN>A<O>,358,43,43,5,0,1,0
c<A>r<46>R<GLN>A<CB>,359,43,38,5,1.56849,1,0
c<A>r<46>R<GLN>A<CG>,360,43,40,5,1.66703,1,0
c<A>r<46>R<GLN>A<CD>,361,43,39,5,3.2631,1,0
c<A>r<46>R<GLN>A<OE1>,362,43,44,5,17.3094,1,0
c<A>r<46>R<GLN>A<NE2>,363,43,42,5,10.2811,1,0
c<A>r<47>R<GLN>A<N>,364,44,41,5,0,1,0
c<A>r<47>R<GLN>A<CA>,365,44,37,5,0,1,0
c<A>r<47>R<GLN>A<C>,366,44,36,5,0,1,0
c<A>r<47>R<GLN>A<O>,367,44,43,5,10.0804,1,0
c<A>r<47>R<GLN>A<CB>,368,44,38,5,0.616702,1,0
c<A>r<47>R<GLN>A<CG>,369,44,40,5,0,1,0
c<A>r<47>R<GLN>A<CD>,370,44,39,5,0.0157438,1,0
c<A>r<47>R<GLN>A<OE1>,371,44,44,5,26.7762,1,0
c<A>r<47>R<GLN>A<NE2>,372,44,42,5,5.63179,1,0
c<A>r<48>R<ILE>A<N>,373,45,73,9,0,1,0
c<A>r<48>R<ILE>A<CA>,374,45,68,9,3.17509,1,0
c<A>r<48>R<ILE>A<C>,375,45,67,9,0,1,0
c<A>r<48>R<ILE>A<O>,376,45,74,9,0,1,0
c<A>r<48>R<ILE>A<CB>,377,45,69,9,0,1,0
c<A>r<48>R<ILE>A<CG1>,378,45,71,9,1.26745,1,0
c<A>r<48>R<ILE>A<CG2>,379,45,72,9,32.4483,1,0
c<A>r<48>R<ILE>A<CD1>,380,45,70,9,31.1229,1,0
c<A>r<49>R<GLN>A<N>,381,46,41,5,4.73551,1,0
c<A>r<49>R<GLN>A<CA>,382,46,37,5,0.824647,1,0
c<A>r<49>R<GLN>A<C>,383,46,36,5,0.0257967,1,0
c<A>r<49>R<GLN>A<O>,384,46,43,5,19.7954,1,0
c<A>r<49>R<GLN>A<CB>,385,46,38,5,21.5885,1,0
c<A>r<49>R<GLN>A<CG>,386,46,40,5,18.0026,1,0
c<A>r<49>R<GLN>A<CD>,387,46,39,5,9.14529,1,0
c<A>r<49>R<GLN>A<OE1>,388,46,44,5,43.9073,1,0
c<A>r<49>R<GLN>A<NE2>,389,46,42,5,55.5456,1,0
c<A>r<50>R<VAL>A<N>,390,47,158,19,0,1,0
c<A>r<50>R<VAL>A<CA>,391,47,154,19,0.988347,1,0
c<A>r<50>R<VAL>A<C>,392,47,153,19,1.99736,1,0
c<A>r<50>R<VAL>A<O>,393,47,159,19,8.69805,1,0
c<A>r<50>R<VAL>A<CB>,394,47,155,19,2.30705,1,0
c<A>r<50>R<VAL>A<CG1>,395,47,156,19,22.5418,1,0
c<A>r<50>R<VAL>A<CG2>,396,47,157,19,0,1,0
c<A>r<51>R<PRO>A<N>,397,48,114,14,0.756871,1,0
c<A>r<51>R<PRO>A<CA>,398,48,110,14,11.1565,1,0
c<A>r<51>R<PRO>A<C>,399,48,109,14,0.321564,1,0
c<A>r<51>R<PRO>A<O>,400,48,115,14,5.01483,1,0
c<A>r<51>R<PRO>A<CB>,401,48,111,14,37.2535,1,0
c<A>r<51>R<PRO>A<CG>,402,48,113,14,40.1345,1,0
c<A>r<51>R<PRO>A<CD>,403,48,112,14,27.4434,1,0
c<A>r<52>R<LEU>A<N>,404,49,81,10,5.66435,1,0
c<A>r<52>R<LEU>A<CA>,405,49,76,10,0.6626,1,0
c<A>r<52>R<LEU>A<C>,406,49,75,10,0.755001,1,0
c<A>r<52>R<LEU>A<O>,407,49,82,10,29.7219,1,0
c<A>r<52>R<LEU>A<CB>,408,49,77,10,11.5277,1,0
c<A>r<52>R<LEU>A<CG>,409,49,80,10,2.42483,1,0
c<A>r<52>R<LEU>A<CD1>,410,49,78,10,18.8384,1,0
c<A>r<52>R<LEU>A<CD2>,411,49,79,10,0.628982,1,0
c<A>r<53>R<GLY>A<N>,412,50,55,7,6.53017,1,0
c<A>r<53>R<GLY>A<CA>,413,50,54,7,33.2511,1,0
c<A>r<53>R<GLY>A<C>,414,50,53,7,2.20447,1,0
c<A>r<53>R<GLY>A<O>,415,50,56,7,11.988,1,0
c<A>r<54>R<ASP>A<N>,416,51,27,3,5.20363,1,0
c<A>r<54>R<ASP>A<CA>,417,51,24,3,5.70727,1,0
c<A>r<54>R<ASP>A<C>,418,51,23,3,0,1,0
c<A>r<54>R<ASP>A<O>,419,51,28,3,3.44896,1,0
c<A>r<54>R<ASP>A<CB>,420,51,25,3,25.1704,1,0
c<A>r<54>R<ASP>A<CG>,421,51,26,3,8.95366,1,0
c<A>r<54>R<ASP>A<OD1>,422,51,29,3,35.1583,1,0
c<A>r<54>R<ASP>A<OD2>,423,51,29,3,46.5223,1,0
c<A>r<55>R<ALA>A<N>,424,52,3,0,6.48439,1,0
c<A>r<55>R<ALA>A<CA>,425,52,1,0,0,1,0
c<A>r<55>R<ALA>A<C>,426,52,0,0,0,1,0
c<A>r<55>R<ALA>A<O>,427,52,4,0,10.1291,1,0
c<A>r<55>R<ALA>A<CB>,428,52,2,0,46.6584,1,0
c<A>r<56>R<ALA>A<N>,429,53,3,0,0,1,0
c<A>r<56>R<ALA>A<CA>,430,53,1,0,8.36409,1,0
c<A>r<56>R<ALA>A<C>,431,53,0,0,0,1,0
c<A>r<56>R<ALA>A<O>,432,53,4,0,9.68812,1,0
c<A>r<56>R<ALA>A<CB>,433,53,2,0,13.6227,1,0
c<A>r<57>R<ARG>A<N>,434,54,11,1,0.998741,1,0
c<A>r<57>R<ARG>A<CA>,435,54,6,1,0.0725442,1,0
c<A>r<57>R<ARG>A<C>,436,54,5,1,0,1,0
c<A>r<57>R<ARG>A<O>,437,54,14,1,0,1,0
c<A>r<57>R<ARG>A<CB>,438,54,7,1,3.55499,1,0
c<A>r<57>R<ARG>A<CG>,439,54,9,1,25.6892,1,0
c<A>r<57>R<ARG>A<CD>,440,54,8,1,12.4953,1,0
c<A>r<57>R<ARG>A<NE>,441,54,12,1,13.0172,1,0
c<A>r<57>R<ARG>A<CZ>,442,54,10,1,9.3565,1,0
c<A>r<57>R<ARG>A<NH1>,443,54,13,1,47.329,1,0
c<A>r<57>R<ARG>A<NH2>,444,54,13,1,60.6301,1,0
c<A>r<58>R<PRO>A<N>,445,55,114,14,0,1,0
c<A>r<58>R<PRO>A<CA>,446,55,110,14,0,1,0
c<A>r<58>R<PRO>A<C>,447,55,109,14,0.0284644,1,0
c<A>r<58>R<PRO>A<O>,448,55,115,14,0.119536,1,0
c<A>r<58>R<PRO>A<CB>,449,55,111,14,23.012,1,0
c<A>r<58>R<PRO>A<CG>,450,55,113,14,40.5647,1,0
c<A>r<58>R<PRO>A<CD>,451,55,112,14,22.3047,1,0
c<A>r<59>R<SER>A<N>,452,56,119,15,2.43572,1,0
c<A>r<59>R<SER>A<CA>,453,56,117,15,1.84801,1,0
c<A>r<59>R<SER>A<C>,454,56,116,15,0.705422,1,0
c<A>r<59>R<SER>A<O>,455,56,120,15,13.7123,1,0
c<A>r<59>R<SER>A<CB>,456,56,118,15,45.1941,1,0
c<A>r<59>R<SER>A<OG>,457,56,121,15,16.2527,1,0
c<A>r<60>R<HIS>A<N>,458,57,63,8,0,1,0
c<A>r<60>R<HIS>A<CA>,459,57,58,8,3.62477,1,0
c<A>r<60>R<HIS>A<C>,460,57,57,8,0,1,0
c<A>r<60>R<HIS>A<O>,461,57,66,8,8.99101,1,0
c<A>r<60>R<HIS>A<CB>,462,57,59,8,9.84346,1,0
c<A>r<60>R<HIS>A<CG>,463,57,62,8,3.08648,1,0
c<A>r<60>R<HIS>A<ND1>,464,57,64,8,5.07355,1,0
c<A>r<60>R<HIS>A<CD2>,465,57,60,8,33.7413,1,0
c<A>r<60>R<HIS>A<CE1>,466,57,61,8,40.4397,1,0
c<A>r<60>R<HIS>A<NE2>,467,57,65,8,29.3038,1,0
c<A>r<61>R<LEU>A<N>,468,58,81,10,0,1,0
c<A>r<61>R<LEU>A<CA>,469,58,76,10,0,1,0
c<A>r<61>R<LEU>A<C>,470,58,75,10,0,1,0
c<A>r<61>R<LEU>A<O>,471,58,82,10,5.56377,1,0
c<A>r<61>R<LEU>A<CB>,472,58,77,10,1.46758,1,0
c<A>r<61>R<LEU>A<CG>,473,58,80,10,0,1,0
c<A>r<61>R<LEU>A<CD1>,474,58,78,10,4.58866,1,0
c<A>r<61>R<LEU>A<CD2>,475,58,79,10,2.37883,1,0
c<A>r<62>R<LEU>A<N>,476,59,81,10,0.0159903,1,0
c<A>r<62>R<LEU>A<CA>,477,59,76,10,4.81785,1,0
c<A>r<62>R<LEU>A<C>,478,59,75,10,0.0806465,1,0
c<A>r<62>R<LEU>A<O>,479,59,82,10,30.0341,1,0
c<A>r<62>R<LEU>A<CB>,480,59,77,10,7.62437,1,0
c<A>r<62>R<LEU>A<CG>,481,59,80,10,0.350328,1,0
c<A>r<62>R<LEU>A<CD1>,482,59,78,10,53.0184,1,0
c<A>r<62>R<LEU>A<CD2>,483,59,79,10,51.5788,1,0
c<A>r<63>R<THR>A<N>,484,60,126,16,0,1,0
c<A>r<63>R<THR>A<CA>,485,60,123,16,5.46365,1,0
c<A>r<63>R<THR>A<C>,486,60,122,16,0.514411,1,0
c<A>r<63>R<THR>A<O>,487,60,127,16,24.9542,1,0
c<A>r<63>R<THR>A<CB>,488,60,124,16,17.9169,1,0
c<A>r<63>R<THR>A<OG1>,489,60,128,16,21.1783,1,0
c<A>r<63>R<THR>A<CG2>,490,60,125,16,56.6798,1,0
c<A>r<64>R<SER>A<N>,491,61,119,15,0.0608671,1,0
c<A>r<64>R<SER>A<CA>,492,61,117,15,7.8016,1,0
c<A>r<64>R<SER>A<C>,493,61,116,15,0,1,0
c<A>r<64>R<SER>A<O>,494,61,120,15,17.7322,1,0
c<A>r<64>R<SER>A<CB>,495,61,118,15,2.14864,1,0
c<A>r<64>R<SER>A<OG>,496,61,121,15,1.41148,1,0
c<A>r<65>R<GLN>A<N>,497,62,41,5,3.64235,1,0
c<A>r<65>R<GLN>A<CA>,498,62,37,5,7.79181,1,0
c<A>r<65>R<GLN>A<C>,499,62,36,5,0.165044,1,0
c<A>r<65>R<GLN>A<O>,500,62,43,5,14.4226,1,0
c<A>r<65>R<GLN>A<CB>,501,62,38,5,2.88229,1,0
c<A>r<65>R<GLN>A<CG>,502,62,40,5,21.3819,1,0
c<A>r<65>R<GLN>A<CD>,503,62,39,5,6.71385,1,0
c<A>r<65>R<GLN>A<OE1>,504,62,44,5,26.506,1,0
c<A>r<65>R<GLN>A<NE2>,505,62,42,5,18.84,1,0
c<A>r<66>R<LEU>A<N>,506,63,81,10,0.0244591,1,0
c<A>r<66>R<LEU>A<CA>,507,63,76,10,0,1,0
c<A>r<66>R<LEU>A<C>,508,63,75,10,1.10203,1,0
c<A>r<66>R<LEU>A<O>,509,63,82,10,7.46426,1,0
c<A>r<66>R<LEU>A<CB>,510,63,77,10,0.451796,1,0
c<A>r<66>R<LEU>A<CG>,511,63,80,10,0,1,0
c<A>r<66>R<LEU>A<CD1>,512,63,78,10,0,1,0
c<A>r<66>R<LEU>A<CD2>,513,63,79,10,5.16822,1,0
c<A>r<67>R<PRO>A<N>,514,64,114,14,0.366391,1,0
c<A>r<67>R<PRO>A<CA>,515,64,110,14,6.26983,1,0
c<A>r<67>R<PRO>A<C>,516,64,109,14,0.408186,1,0
c<A>r<67>R<PRO>A<O>,517,64,115,14,1.14409,1,0
c<A>r<67>R<PRO>A<CB>,518,64,111,14,1.82514,1,0
c<A>r<67>R<PRO>A<CG>,519,64,113,14,0,1,0
c<A>r<67>R<PRO>A<CD>,520,64,112,14,0.437748,1,0
c<A>r<68>R<LEU>A<N>,521,65,81,10,0.320998,1,0
c<A>r<68>R<LEU>A<CA>,522,65,76,10,0.0392873,1,0
c<A>r<68>R<LEU>A<C>,523,65,75,10,0,1,0
c<A>r<68>R<LEU>A<O>,524,65,82,10,0.258195,1,0
c<A>r<68>R<LEU>A<CB>,525,65,77,10,5.03232,1,0
c<A>r<68>R<LEU>A<CG>,526,65,80,10,7.44044,1,0
c<A>r<68>R<LEU>A<CD1>,527,65,78,10,46.4319,1,0
c<A>r<68>R<LEU>A<CD2>,528,65,79,10,6.1264,1,0
c<A>r<69>R<MET>A<N>,529,66,97,12,0,1,0
c<A>r<69>R<MET>A<CA>,530,66,93,12,0,1,0
c<A>r<69>R<MET>A<C>,531,66,92,12,0,1,0
c<A>r<69>R<MET>A<O>,532,66,98,12,0,1,0
c<A>r<69>R<MET>A<CB>,533,66,94,12,0.079461,1,0
c<A>r<69>R<MET>A<CG>,534,66,96,12,1.88557,1,0
c<A>r<69>R<MET>A<SD>,535,66,99,12,18.1536,1,0
c<A>r<69>R<MET>A<CE>,536,66,95,12,5.5801,1,0
c<A>r<70>R<TRP>A<N>,537,67,140,17,0,0,0
c<A>r<70>R<TRP>A<CA>,538,67,130,17,0,0,0
c<A>r<70>R<TRP>A<C>,539,67,129,17,0,0,0
c<A>r<70>R<TRP>A<O>,540,67,142,17,0,0,0
c<A>r<70>R<TRP>A<CB>,541,67,131,17,0,0,0
c<A>r<70>R<TRP>A<CG>,542,67,136,17,0,0,0
c<A>r<70>R<TRP>A<CD1>,543,67,132,17,0,0,0
c<A>r<70>R<TRP>A<CD2>,544,67,133,17,0,0,0
c<A>r<70>R<TRP>A<NE1>,545,67,141,17,0,0,0
c<A>r<70>R<TRP>A<CE2>,546,67,134,17,0,0,0
c<A>r<70>R<TRP>A<CE3>,547,67,135,17,0,0,0
c<A>r<70>R<TRP>A<CZ2>,548,67,138,17,0,0,0
c<A>r<70>R<TRP>A<CZ3>,549,67,139,17,0,0,0
c<A>r<70>R<TRP>A<CH2>,550,67,137,17,0,0,0
c<A>r<71>R<GLN>A<N>,551,68,41,5,0,1,0
c<A>r<71>R<GLN>A<CA>,552,68,37,5,0,1,0
c<A>r<71>R<GLN>A<C>,553,68,36,5,0,1,0
c<A>r<71>R<GLN>A<O>,554,68,43,5,0.090223,1,0
c<A>r<71>R<GLN>A<CB>,555,68,38,5,0.685873,1,0
c<A>r<71>R<GLN>A<CG>,556,68,40,5,5.70952,1,0
c<A>r<71>R<GLN>A<CD>,557,68,39,5,8.02635,1,0
c<A>r<71>R<GLN>A<OE1>,558,68,44,5,34.5076,1,0
c<A>r<71>R<GLN>A<NE2>,559,68,42,5,44.6268,1,0
c<A>r<72>R<LEU>A<N>,560,69,81,10,0,1,0
c<A>r<72>R<LEU>A<CA>,561,69,76,10,0,1,0
c<A>r<72>R<LEU>A<C>,562,69,75,10,0.145609,1,0
c<A>r<72>R<LEU>A<O>,563,69,82,10,17.9676,1,0
c<A>r<72>R<LEU>A<CB>,564,69,77,10,1.23672,1,0
c<A>r<72>R<LEU>A<CG>,565,69,80,10,8.50976,1,0
c<A>r<72>R<LEU>A<CD1>,566,69,78,10,0,1,0
c<A>r<72>R<LEU>A<CD2>,567,69,79,10,27.3249,1,0
c<A>r<73>R<TYR>A<N>,568,70,150,18,0,1,0
c<A>r<73>R<TYR>A<CA>,569,70,144,18,0.135772,1,0
c<A>r<73>R<TYR>A<C>,570,70,143,18,1.84723,1,0
c<A>r<73>R<TYR>A<O>,571,70,151,18,1.19964,1,0
c<A>r<73>R<TYR>A<CB>,572,70,145,18,0,1,0
c<A>r<73>R<TYR>A<CG>,573,70,148,18,0,1,0
c<A>r<73>R<TYR>A<CD1>,574,70,146,18,5.81277,1,0
c<A>r<73>R<TYR>A<CD2>,575,70,146,18,0,1,0
c<A>r<73>R<TYR>A<CE1>,576,70,147,18,19.0648,1,0
c<A>r<73>R<TYR>A<CE2>,577,70,147,18,5.18683,1,0
c<A>r<73>R<TYR>A<CZ>,578,70,149,18,1.24865,1,0
c<A>r<73>R<TYR>A<OH>,579,70,152,18,45.3969,1,0
c<A>r<74>R<PRO>A<N>,580,71,114,14,0.684545,1,0
c<A>r<74>R<PRO>A<CA>,581,71,110,14,11.2585,1,0
c<A>r<74>R<PRO>A<C>,582,71,109,14,0,1,0
c<A>r<74>R<PRO>A<O>,583,71,115,14,0,1,0
c<A>r<74>R<PRO>A<CB>,584,71,111,14,23.3668,1,0
c<A>r<74>R<PRO>A<CG>,585,71,113,14,44.2044,1,0
c<A>r<74>R<PRO>A<CD>,586,71,112,14,10.0559,1,0
c<A>r<75>R<GLU>A<N>,587,72,50,6,8.13098,1,0
c<A>r<75>R<GLU>A<CA>,588,72,46,6,9.93965,1,0
c<A>r<75>R<GLU>A<C>,589,72,45,6,1.45683,1,0
c<A>r<75>R<GLU>A<O>,590,72,51,6,5.68203,1,0
c<A>r<75>R<GLU>A<CB>,591,72,47,6,8.14584,1,0
c<A>r<75>R<GLU>A<CG>,592,72,49,6,15.8282,1,0
c<A>r<75>R<GLU>A<CD>,593,72,48,6,6.83515,1,0
c<A>r<75>R<GLU>A<OE1>,594,72,52,6,41.4053,1,0
c<A>r<75>R<GLU>A<OE2>,595,72,52,6,38.0716,1,0
c<A>r<76>R<GLU>A<N>,596,73,50,6,0.502049,1,0
c<A>r<76>R<GLU>A<CA>,597,73,46,6,0,1,0
c<A>r<76>R<GLU>A<C>,598,73,45,6,0,1,0
c<A>r<76>R<GLU>A<O>,599,73,51,6,0,1,0
c<A>r<76>R<GLU>A<CB>,600,73,47,6,11.1663,1,0
c<A>r<76>R<GLU>A<CG>,601,73,49,6,36.433,1,0
c<A>r<76>R<GLU>A<CD>,602,73,48,6,6.06767,1,0
c<A>r<76>R<GLU>A<OE1>,603,73,52,6,12.5487,1,0
c<A>r<76>R<GLU>A<OE2>,604,73,52,6,23.4336,1,0
c<A>r<77>R<ARG>A<N>,605,74,11,1,0,1,0
c<A>r<77>R<ARG>A<CA>,606,74,6,1,0,1,0
c<A>r<77>R<ARG>A<C>,607,74,5,1,0,1,0
c<A>r<77>R<ARG>A<O>,608,74,14,1,0,1,0
c<A>r<77>R<ARG>A<CB>,609,74,7,1,0,1,0
c<A>r<77>R<ARG>A<CG>,610,74,9,1,0,1,0
c<A>r<77>R<ARG>A<CD>,611,74,8,1,0.282385,1,0
c<A>r<77>R<ARG>A<NE>,612,74,12,1,0,1,0
c<A>r<77>R<ARG>A<CZ>,613,74,10,1,1.02843,1,0
c<A>r<77>R<ARG>A<NH1>,614,74,13,1,26.8547,1,0
c<A>r<77>R<ARG>A<NH2>,615,74,13,1,30.7873,1,0
c<A>r<78>R<TYR>A<N>,616,75,150,18,0,0,0
c<A>r<78>R<TYR>A<CA>,617,75,144,18,0,0,0
c<A>r<78>R<TYR>A<C>,618,75,143,18,0,0,0
c<A>r<78>R<TYR>A<O>,619,75,151,18,0,0,0
c<A>r<78>R<TYR>A<CB>,620,75,145,18,0,0,0
c<A>r<78>R<TYR>A<CG>,621,75,148,18,0,0,0
c<A>r<78>R<TYR>A<CD1>,622,75,146,18,0,0,0
c<A>r<78>R<TYR>A<CD2>,623,75,146,18,0,0,0
c<A>r<78>R<TYR>A<CE1>,624,75,147,18,0,0,0
c<A>r<78>R<TYR>A<CE2>,625,75,147,18,0,0,0
c<A>r<78>R<TYR>A<CZ>,626,75,149,18,0,0,0
c<A>r<78>R<TYR>A<OH>,627,75,152,18,0,0,0
c<A>r<79>R<MET>A<N>,628,76,97,12,0,1,0
c<A>r<79>R<MET>A<CA>,629,76,93,12,0,1,0
c<A>r<79>R<MET>A<C>,630,76,92,12,0,1,0
c<A>r<79>R<MET>A<O>,631,76,98,12,0.035745,1,0
c<A>r<79>R<MET>A<CB>,632,76,94,12,0.247898,1,0
c<A>r<79>R<MET>A<CG>,633,76,96,12,1.04835,1,0
c<A>r<79>R<MET>A<SD>,634,76,99,12,27.9841,1,0
c<A>r<79>R<MET>A<CE>,635,76,95,12,20.7046,1,0
c<A>r<80>R<ASP>A<N>,636,77,27,3,0,1,0
c<A>r<80>R<ASP>A<CA>,637,77,24,3,0,1,0
c<A>r<80>R<ASP>A<C>,638,77,23,3,0,1,0
c<A>r<80>R<ASP>A<O>,639,77,28,3,5.19066,1,0
c<A>r<80>R<ASP>A<CB>,640,77,25,3,0,1,0
c<A>r<80>R<ASP>A<CG>,641,77,26,3,0,1,0
c<A>r<80>R<ASP>A<OD1>,642,77,29,3,0,1,0
c<A>r<80>R<ASP>A<OD2>,643,77,29,3,0.981275,1,0
c<A>r<81>R<ASN>A<N>,644,78,19,2,0,1,0
c<A>r<81>R<ASN>A<CA>,645,78,16,2,5.3319,1,0
c<A>r<81>R<ASN>A<C>,646,78,15,2,0.0908475,1,0
c<A>r<81>R<ASN>A<O>,647,78,21,2,29.7915,1,0
c<A>r<81>R<ASN>A<CB>,648,78,17,2,14.6016,1,0
c<A>r<81>R<ASN>A<CG>,649,78,18,2,0,1,0
c<A>r<81>R<ASN>A<OD1>,650,78,22,2,0,1,0
c<A>r<81>R<ASN>A<ND2>,651,78,20,2,11.5752,1,0
c<A>r<82>R<ASN>A<N>,652,79,19,2,0,1,0
c<A>r<82>R<ASN>A<CA>,653,79,16,2,5.50621,1,0
c<A>r<82>R<ASN>A<C>,654,79,15,2,1.45123,1,0
c<A>r<82>R<ASN>A<O>,655,79,21,2,17.21,1,0
c<A>r<82>R<ASN>A<CB>,656,79,17,2,5.22661,1,0
c<A>r<82>R<ASN>A<CG>,657,79,18,2,2.5713,1,0
c<A>r<82>R<ASN>A<OD1>,658,79,22,2,16.1054,1,0
c<A>r<82>R<ASN>A<ND2>,659,79,20,2,32.4686,1,0
c<A>r<83>R<SER>A<N>,660,80,119,15,0.241285,1,0
c<A>r<83>R<SER>A<CA>,661,80,117,15,0.126885,1,0
c<A>r<83>R<SER>A<C>,662,80,116,15,0,1,0
c<A>r<83>R<SER>A<O>,663,80,120,15,7.06081,1,0
c<A>r<83>R<SER>A<CB>,664,80,118,15,22.2517,1,0
c<A>r<83>R<SER>A<OG>,665,80,121,15,38.1769,1,0
c<A>r<84>R<ARG>A<N>,666,81,11,1,0,1,0
c<A>r<84>R<ARG>A<CA>,667,81,6,1,0.551371,1,0
c<A>r<84>R<ARG>A<C>,668,81,5,1,0,1,0
c<A>r<84>R<ARG>A<O>,669,81,14,1,0,1,0
c<A>r<84>R<ARG>A<CB>,670,81,7,1,0,1,0
c<A>r<84>R<ARG>A<CG>,671,81,9,1,2.93384,1,0
c<A>r<84>R<ARG>A<CD>,672,81,8,1,5.26372,1,0
c<A>r<84>R<ARG>A<NE>,673,81,12,1,12.5976,1,0
c<A>r<84>R<ARG>A<CZ>,674,81,10,1,5.24231,1,0
c<A>r<84>R<ARG>A<NH1>,675,81,13,1,26.2992,1,0
c<A>r<84>R<ARG>A<NH2>,676,81,13,1,53.9663,1,0
c<A>r<85>R<LEU>A<N>,677,82,81,10,2.43148,1,0
c<A>r<85>R<LEU>A<CA>,678,82,76,10,0,1,0
c<A>r<85>R<LEU>A<C>,679,82,75,10,0,1,0
c<A>r<85>R<LEU>A<O>,680,82,82,10,0,1,0
c<A>r<85>R<LEU>A<CB>,681,82,77,10,3.76875,1,0
c<A>r<85>R<LEU>A<CG>,682,82,80,10,0,1,0
c<A>r<85>R<LEU>A<CD1>,683,82,78,10,5.62703,1,0
c<A>r<85>R<LEU>A<CD2>,684,82,79,10,26.1078,1,0
c<A>r<86>R<TRP>A<N>,685,83,140,17,0,1,0
c<A>r<86>R<TRP>A<CA>,686,83,130,17,0,1,0
c<A>r<86>R<TRP>A<C>,687,83,129,17,0,1,0
c<A>r<86>R<TRP>A<O>,688,83,142,17,0,1,0
c<A>r<86>R<TRP>A<CB>,689,83,131,17,0,1,0
c<A>r<86>R<TRP>A<CG>,690,83,136,17,0,1,0
c<A>r<86>R<TRP>A<CD1>,691,83,132,17,0,1,0
c<A>r<86>R<TRP>A<CD2>,692,83,133,17,0,1,0
c<A>r<86>R<TRP>A<NE1>,693,83,141,17,0,1,0
c<A>r<86>R<TRP>A<CE2>,694,83,134,17,0,1,0
c<A>r<86>R<TRP>A<CE3>,695,83,135,17,0,1,0
c<A>r<86>R<TRP>A<CZ2>,696,83,138,17,2.80877,1,0
c<A>r<86>R<TRP>A<CZ3>,697,83,139,17,0,1,0
c<A>r<86>R<TRP>A<CH2>,698,83,137,17,0,1,0
c<A>r<87>R<GLN>A<N>,699,84,41,5,0,1,0
c<A>r<87>R<GLN>A<CA>,700,84,37,5,0,1,0
c<A>r<87>R<GLN>A<C>,701,84,36,5,0,1,0
c<A>r<87>R<GLN>A<O>,702,84,43,5,0,1,0
c<A>r<87>R<GLN>A<CB>,703,84,38,5,0.1206,1,1
c<A>r<87>R<GLN>A<CG>,704,84,40,5,13.7585,1,1
c<A>r<87>R<GLN>A<CD>,705,84,39,5,6.53086,1,1
c<A>r<87>R<GLN>A<OE1>,706,84,44,5,18.6123,1,1
c<A>r<87>R<GLN>A<NE2>,707,84,42,5,14.673,1,1
c<A>r<88>R<ILE>A<N>,708,85,73,9,0,1,0
c<A>r<88>R<ILE>A<CA>,709,85,68,9,0,1,0
c<A>r<88>R<ILE>A<C>,710,85,67,9,0,1,0
c<A>r<88>R<ILE>A<O>,711,85,74,9,11.812,1,1
c<A>r<88>R<ILE>A<CB>,712,85,69,9,0,1,0
c<A>r<88>R<ILE>A<CG1>,713,85,71,9,0,1,0
c<A>r<88>R<ILE>A<CG2>,714,85,72,9,6.46129,1,1
c<A>r<88>R<ILE>A<CD1>,715,85,70,9,0.0861354,1,1
c<A>r<89>R<GLN>A<N>,716,86,41,5,0,1,0
c<A>r<89>R<GLN>A<CA>,717,86,37,5,5.27784,1,1
c<A>r<89>R<GLN>A<C>,718,86,36,5,0.347392,1,1
c<A>r<89>R<GLN>A<O>,719,86,43,5,30.2593,1,1
c<A>r<89>R<GLN>A<CB>,720,86,38,5,8.77588,1,1
c<A>r<89>R<GLN>A<CG>,721,86,40,5,0.796215,1,1
c<A>r<89>R<GLN>A<CD>,722,86,39,5,1.71028,1,1
c<A>r<89>R<GLN>A<OE1>,723,86,44,5,0.265903,1,1
c<A>r<89>R<GLN>A<NE2>,724,86,42,5,29.951,1,1
c<A>r<90>R<HIS>A<N>,725,87,63,8,0,1,0
c<A>r<90>R<HIS>A<CA>,726,87,58,8,6.16909,1,1
c<A>r<90>R<HIS>A<C>,727,87,57,8,0,1,0
c<A>r<90>R<HIS>A<O>,728,87,66,8,0,1,0
c<A>r<90>R<HIS>A<CB>,729,87,59,8,16.2823,1,1
c<A>r<90>R<HIS>A<CG>,730,87,62,8,0,1,0
c<A>r<90>R<HIS>A<ND1>,731,87,64,8,0,1,0
c<A>r<90>R<HIS>A<CD2>,732,87,60,8,19.6622,1,1
c<A>r<90>R<HIS>A<CE1>,733,87,61,8,0,1,0
c<A>r<90>R<HIS>A<NE2>,734,87,65,8,12.4579,1,1
c<A>r<91>R<HIS>A<N>,735,88,63,8,5.14415,1,0
c<A>r<91>R<HIS>A<CA>,736,88,58,8,0,1,0
c<A>r<91>R<HIS>A<C>,737,88,57,8,0,1,0
c<A>r<91>R<HIS>A<O>,738,88,66,8,3.29659,1,0
c<A>r<91>R<HIS>A<CB>,739,88,59,8,11.9901,1,0
c<A>r<91>R<HIS>A<CG>,740,88,62,8,0,1,0
c<A>r<91>R<HIS>A<ND1>,741,88,64,8,3.96683,1,0
c<A>r<91>R<HIS>A<CD2>,742,88,60,8,0,1,0
c<A>r<91>R<HIS>A<CE1>,743,88,61,8,0,1,0
c<A>r<91>R<HIS>A<NE2>,744,88,65,8,0,1,0
c<A>r<92>R<LEU>A<N>,745,89,81,10,0,1,0
c<A>r<92>R<LEU>A<CA>,746,89,76,10,0,1,0
c<A>r<92>R<LEU>A<C>,747,89,75,10,0,1,0
c<A>r<92>R<LEU>A<O>,748,89,82,10,0,1,0
c<A>r<92>R<LEU>A<CB>,749,89,77,10,0.421994,1,1
c<A>r<92>R<LEU>A<CG>,750,89,80,10,0,1,0
c<A>r<92>R<LEU>A<CD1>,751,89,78,10,4.81446,1,1
c<A>r<92>R<LEU>A<CD2>,752,89,79,10,41.9831,1,1
c<A>r<93>R<MET>A<N>,753,90,97,12,0,1,0
c<A>r<93>R<MET>A<CA>,754,90,93,12,0,1,0
c<A>r<93>R<MET>A<C>,755,90,92,12,0.0802585,1,1
c<A>r<93>R<MET>A<O>,756,90,98,12,20.6572,1,1
c<A>r<93>R<MET>A<CB>,757,90,94,12,12.779,1,1
c<A>r<93>R<MET>A<CG>,758,90,96,12,20.9673,1,1
c<A>r<93>R<MET>A<SD>,759,90,99,12,15.7024,1,1
c<A>r<93>R<MET>A<CE>,760,90,95,12,16.3702,1,1
c<A>r<94>R<VAL>A<N>,761,91,158,19,0,1,0
c<A>r<94>R<VAL>A<CA>,762,91,154,19,2.28469,1,1
c<A>r<94>R<VAL>A<C>,763,91,153,19,0,1,0
c<A>r<94>R<VAL>A<O>,764,91,159,19,2.05717,1,1
c<A>r<94>R<VAL>A<CB>,765,91,155,19,0,1,0
c<A>r<94>R<VAL>A<CG1>,766,91,156,19,23.3858,1,1
c<A>r<94>R<VAL>A<CG2>,767,91,157,19,12.5749,1,1
c<A>r<95>R<ARG>A<N>,768,92,11,1,7.49015,1,1
c<A>r<95>R<ARG>A<CA>,769,92,6,1,12.6068,1,1
c<A>r<95>R<ARG>A<C>,770,92,5,1,3.46109,1,1
c<A>r<95>R<ARG>A<O>,771,92,14,1,22.1233,1,1
c<A>r<95>R<ARG>A<CB>,772,92,7,1,19.6296,1,1
c<A>r<95>R<ARG>A<CG>,773,92,9,1,37.1996,1,1
c<A>r<95>R<ARG>A<CD>,774,92,8,1,8.09252,1,1
c<A>r<95>R<ARG>A<NE>,775,92,12,1,14.4554,1,1
c<A>r<95>R<ARG>A<CZ>,776,92,10,1,10.5511,1,1
c<A>r<95>R<ARG>A<NH1>,777,92,13,1,34.8671,1,1
c<A>r<95>R<ARG>A<NH2>,778,92,13,1,60.5941,1,1
c<A>r<96>R<GLY>A<N>,779,93,55,7,7.30639,1,1
c<A>r<96>R<GLY>A<CA>,780,93,54,7,29.4601,1,1
c<A>r<96>R<GLY>A<C>,781,93,53,7,0.611284,1,1
c<A>r<96>R<GLY>A<O>,782,93,56,7,28.3331,1,1
c<A>r<97>R<VAL>A<N>,783,94,158,19,0,1,0
c<A>r<97>R<VAL>A<CA>,784,94,154,19,1.91905,1,0
c<A>r<97>R<VAL>A<C>,785,94,153,19,0,1,0
c<A>r<97>R<VAL>A<O>,786,94,159,19,0,1,0
c<A>r<97>R<VAL>A<CB>,787,94,155,19,1.02318,1,0
c<A>r<97>R<VAL>A<CG1>,788,94,156,19,0,1,0
c<A>r<97>R<VAL>A<CG2>,789,94,157,19,36.4492,1,0
c<A>r<98>R<GLN>A<N>,790,95,41,5,2.63957,1,0
c<A>r<98>R<GLN>A<CA>,791,95,37,5,0,1,0
c<A>r<98>R<GLN>A<C>,792,95,36,5,0,1,0
c<A>r<98>R<GLN>A<O>,793,95,43,5,0,1,0
c<A>r<98>R<GLN>A<CB>,794,95,38,5,3.48743,1,0
c<A>r<98>R<GLN>A<CG>,795,95,40,5,0,1,0
c<A>r<98>R<GLN>A<CD>,796,95,39,5,0,1,0
c<A>r<98>R<GLN>A<OE1>,797,95,44,5,1.75493,1,0
c<A>r<98>R<GLN>A<NE2>,798,95,42,5,18.2161,1,0
c<A>r<99>R<GLU>A<N>,799,96,50,6,0,1,0
c<A>r<99>R<GLU>A<CA>,800,96,46,6,0,1,0
c<A>r<99>R<GLU>A<C>,801,96,45,6,0,1,0
c<A>r<99>R<GLU>A<O>,802,96,51,6,0,1,0
c<A>r<99>R<GLU>A<CB>,803,96,47,6,0,1,0
c<A>r<99>R<GLU>A<CG>,804,96,49,6,0,1,0
c<A>r<99>R<GLU>A<CD>,805,96,48,6,0,1,0
c<A>r<99>R<GLU>A<OE1>,806,96,52,6,2.87577,1,0
c<A>r<99>R<GLU>A<OE2>,807,96,52,6,6.65261,1,0
c<A>r<100>R<LEU>A<N>,808,97,81,10,0,0,0
c<A>r<100>R<LEU>A<CA>,809,97,76,10,0,0,0
c<A>r<100>R<LEU>A<C>,810,97,75,10,0,0,0
c<A>r<100>R<LEU>A<O>,811,97,82,10,0,0,0
c<A>r<100>R<LEU>A<CB>,812,97,77,10,0,0,0
c<A>r<100>R<LEU>A<CG>,813,97,80,10,0,0,0
c<A>r<100>R<LEU>A<CD1>,814,97,78,10,0,0,0
c<A>r<100>R<LEU>A<CD2>,815,97,79,10,0,0,0
c<A>r<101>R<LEU>A<N>,816,98,81,10,0,1,0
c<A>r<101>R<LEU>A<CA>,817,98,76,10,0,1,0
c<A>r<101>R<LEU>A<C>,818,98,75,10,0,1,0
c<A>r<101>R<LEU>A<O>,819,98,82,10,0,1,0
c<A>r<101>R<LEU>A<CB>,820,98,77,10,0,1,0
c<A>r<101>R<LEU>A<CG>,821,98,80,10,0,1,0
c<A>r<101>R<LEU>A<CD1>,822,98,78,10,2.40076,1,1
c<A>r<101>R<LEU>A<CD2>,823,98,79,10,24.7713,1,1
c<A>r<102>R<LEU>A<N>,824,99,81,10,0,0,0
c<A>r<102>R<LEU>A<CA>,825,99,76,10,0,0,0
c<A>r<102>R<LEU>A<C>,826,99,75,10,0,0,0
c<A>r<102>R<LEU>A<O>,827,99,82,10,0,0,0
c<A>r<102>R<LEU>A<CB>,828,99,77,10,0,0,0
c<A>r<102>R<LEU>A<CG>,829,99,80,10,0,0,0
c<A>r<102>R<LEU>A<CD1>,830,99,78,10,0,0,0
c<A>r<102>R<LEU>A<CD2>,831,99,79,10,0,0,0
c<A>r<103>R<LYS>A<N>,832,100,89,11,0,1,0
c<A>r<103>R<LYS>A<CA>,833,100,84,11,0,1,0
c<A>r<103>R<LYS>A<C>,834,100,83,11,0,1,0
c<A>r<103>R<LYS>A<O>,835,100,91,11,0,1,0
c<A>r<103>R<LYS>A<CB>,836,100,85,11,0,1,0
c<A>r<103>R<LYS>A<CG>,837,100,88,11,0,1,0
c<A>r<103>R<LYS>A<CD>,838,100,86,11,2.80743,1,1
c<A>r<103>R<LYS>A<CE>,839,100,87,11,6.47883,1,1
c<A>r<103>R<LYS>A<NZ>,840,100,90,11,36.8675,1,1
c<A>r<104>R<LEU>A<N>,841,101,81,10,0,1,0
c<A>r<104>R<LEU>A<CA>,842,101,76,10,0,1,0
c<A>r<104>R<LEU>A<C>,843,101,75,10,0,1,0
c<A>r<104>R<LEU>A<O>,844,101,82,10,5.41875,1,0
c<A>r<104>R<LEU>A<CB>,845,101,77,10,0.075308,1,0
c<A>r<104>R<LEU>A<CG>,846,101,80,10,5.24486,1,0
c<A>r<104>R<LEU>A<CD1>,847,101,78,10,0.07522,1,0
c<A>r<104>R<LEU>A<CD2>,848,101,79,10,33.3287,1,0
c<A>r<105>R<LEU>A<N>,849,102,81,10,0,1,0
c<A>r<105>R<LEU>A<CA>,850,102,76,10,0.0103601,1,1
c<A>r<105>R<LEU>A<C>,851,102,75,10,0.630871,1,1
c<A>r<105>R<LEU>A<O>,852,102,82,10,3.07514,1,1
c<A>r<105>R<LEU>A<CB>,853,102,77,10,3.80137,1,1
c<A>r<105>R<LEU>A<CG>,854,102,80,10,0,1,0
c<A>r<105>R<LEU>A<CD1>,855,102,78,10,14.8802,1,1
c<A>r<105>R<LEU>A<CD2>,856,102,79,10,24.6195,1,1
c<A>r<106>R<PRO>A<N>,857,103,114,14,0.537817,1,0
c<A>r<106>R<PRO>A<CA>,858,103,110,14,11.8552,1,0
c<A>r<106>R<PRO>A<C>,859,103,109,14,0,1,0
c<A>r<106>R<PRO>A<O>,860,103,115,14,7.86472,1,0
c<A>r<106>R<PRO>A<CB>,861,103,111,14,36.5695,1,0
c<A>r<106>R<PRO>A<CG>,862,103,113,14,39.4103,1,0
c<A>r<106>R<PRO>A<CD>,863,103,112,14,22.1418,1,0
c<A>r<107>R<ASP>A<N>,864,104,27,3,9.17382,1,0
c<A>r<107>R<ASP>A<CA>,865,104,24,3,3.37438,1,0
c<A>r<107>R<ASP>A<C>,866,104,23,3,0,1,0
c<A>r<107>R<ASP>A<O>,867,104,28,3,26.0746,1,0
c<A>r<107>R<ASP>A<CB>,868,104,25,3,26.3265,1,0
c<A>r<107>R<ASP>A<CG>,869,104,26,3,6.69917,1,0
c<A>r<107>R<ASP>A<OD1>,870,104,29,3,21.8161,1,0
c<A>r<107>R<ASP>A<OD2>,871,104,29,3,18.5355,1,0
c<A>r<108>R<ASP>A<N>,872,105,27,3,6.72883,1,0
c<A>r<108>R<ASP>A<CA>,873,105,24,3,2.83742,1,0
c<A>r<108>R<ASP>A<C>,874,105,23,3,6.44631,1,0
c<A>r<108>R<ASP>A<O>,875,105,28,3,28.1017,1,0
c<A>r<108>R<ASP>A<CB>,876,105,25,3,27.2742,1,0
c<A>r<108>R<ASP>A<CG>,877,105,26,3,6.88236,1,0
c<A>r<108>R<ASP>A<OD1>,878,105,29,3,34.9859,1,0
c<A>r<108>R<ASP>A<OD2>,879,105,29,3,46.6506,1,0
c<A>r<108>R<ASP>A<OXT>,880,105,28,3,33.2725,1,0
